epoch,time,train/box_loss,train/pose_loss,train/kobj_loss,train/cls_loss,train/dfl_loss,metrics/precision(B),metrics/recall(B),metrics/mAP50(B),metrics/mAP50-95(B),metrics/precision(P),metrics/recall(P),metrics/mAP50(P),metrics/mAP50-95(P),val/box_loss,val/pose_loss,val/kobj_loss,val/cls_loss,val/dfl_loss,lr/pg0,lr/pg1,lr/pg2
1,3.25355,2.64807,0.22714,0.83899,5.30954,2.30264,0.04455,0.3,0.03817,0.0121,0.10396,0.7,0.12344,0.06489,2.06054,0.17282,0.76027,4.33114,1.8426,0.0001,0.0001,0.0001
2,4.61596,2.33777,0.29246,0.81698,3.78005,1.84443,0.87321,0.91851,0.88156,0.4314,0.90479,0.95061,0.9592,0.94367,1.26149,0.22172,0.69183,1.65703,1.05006,0.000218911,0.000218911,0.000218911
3,5.83944,1.50696,0.247,0.68527,1.58418,1.26942,0.87635,0.94519,0.9491,0.71684,0.90726,0.97853,0.9795,0.96223,0.90371,0.18087,0.65234,1.80866,0.92085,0.000336634,0.000336634,0.000336634
4,6.97495,1.09734,0.15734,0.55953,0.97261,1.05004,0.95149,1,0.99177,0.76936,0.95149,1,0.99177,0.98649,0.78276,0.17454,0.61045,1.43702,0.90111,0.000453169,0.000453169,0.000453169
5,8.11368,1.06912,0.13555,0.49651,0.90717,1.06007,0.9515,1,0.995,0.80841,0.9515,1,0.995,0.995,0.79532,0.15123,0.57142,0.99422,0.90232,0.000568516,0.000568516,0.000568516
6,9.25852,1.00689,0.13245,0.42825,0.72602,0.99228,0.99731,1,0.995,0.81694,0.99731,1,0.995,0.995,0.76128,0.14043,0.5322,0.56346,0.87963,0.000682675,0.000682675,0.000682675
7,10.3974,0.99404,0.1311,0.39184,0.71501,1.01076,0.99621,1,0.995,0.78428,0.99621,1,0.995,0.995,0.79539,0.12572,0.49211,0.55033,0.87294,0.000795646,0.000795646,0.000795646
8,11.5423,0.96254,0.10565,0.3812,0.71089,0.99335,0.99095,1,0.995,0.81985,0.99095,1,0.995,0.995,0.73936,0.11336,0.45121,0.58337,0.86241,0.000907429,0.000907429,0.000907429
9,12.681,0.91221,0.09364,0.35615,0.63991,0.97733,0.98062,1,0.995,0.80123,0.98062,1,0.995,0.995,0.72524,0.10392,0.41625,0.58399,0.8604,0.00101802,0.00101802,0.00101802
10,13.8504,0.93498,0.07752,0.38537,0.65983,0.98522,0.97978,1,0.995,0.80338,0.97978,1,0.995,0.995,0.69133,0.08311,0.32769,0.52378,0.84637,0.00112743,0.00112743,0.00112743
11,15.0011,0.88701,0.06918,0.33956,0.58473,0.94739,0.98987,1,0.995,0.80342,0.98987,1,0.995,0.995,0.69548,0.08509,0.27319,0.53997,0.85236,0.00123565,0.00123565,0.00123565
12,16.1154,0.86989,0.07423,0.30541,0.59188,0.94271,0.98896,1,0.995,0.82409,0.98896,1,0.995,0.99168,0.67205,0.09458,0.22825,0.54309,0.84871,0.00134268,0.00134268,0.00134268
13,17.2114,0.90603,0.06403,0.29938,0.63499,0.98638,0.99589,1,0.995,0.81607,0.99589,1,0.995,0.995,0.70228,0.08964,0.18537,0.49048,0.85559,0.00144852,0.00144852,0.00144852
14,18.3091,0.90779,0.06231,0.26752,0.62624,0.96636,0.98585,1,0.995,0.8331,0.98585,1,0.995,0.995,0.70899,0.09444,0.14974,0.53408,0.8469,0.00155318,0.00155318,0.00155318
15,19.4216,0.89883,0.04492,0.29796,0.64113,0.96581,0.98585,1,0.995,0.8331,0.98585,1,0.995,0.995,0.70899,0.09444,0.14974,0.53408,0.8469,0.00165665,0.00165665,0.00165665
16,20.5455,0.8432,0.04581,0.27474,0.58252,0.9486,0.99136,1,0.995,0.81176,0.99136,1,0.995,0.9893,0.76136,0.11571,0.1224,0.58141,0.88335,0.00175893,0.00175893,0.00175893
17,21.6908,0.83886,0.0573,0.26484,0.5677,0.93128,0.99641,1,0.995,0.82521,0.99641,1,0.995,0.97512,0.69253,0.13519,0.09745,0.51325,0.86475,0.0018416,0.0018416,0.0018416
18,22.7996,0.84579,0.04397,0.2477,0.5592,0.9175,0.99659,1,0.995,0.79441,0.99659,1,0.995,0.98568,0.7652,0.1146,0.09162,0.51978,0.87173,0.0018317,0.0018317,0.0018317
19,23.8625,0.88259,0.05022,0.24008,0.61254,0.94813,0.99659,1,0.995,0.79441,0.99659,1,0.995,0.98568,0.7652,0.1146,0.09162,0.51978,0.87173,0.0018218,0.0018218,0.0018218
20,24.9525,0.80959,0.04398,0.20897,0.54576,0.91201,0.99778,1,0.995,0.83205,0.99778,1,0.995,0.995,0.72088,0.09254,0.08584,0.44661,0.85214,0.0018119,0.0018119,0.0018119
21,26.0427,0.78529,0.03526,0.21628,0.53881,0.92163,0.99786,1,0.995,0.80419,0.99786,1,0.995,0.995,0.75886,0.08143,0.08089,0.45511,0.85369,0.001802,0.001802,0.001802
22,27.1495,0.84913,0.04001,0.22477,0.57849,0.92746,0.99623,1,0.995,0.81268,0.99623,1,0.995,0.995,0.71576,0.05983,0.07948,0.43129,0.83876,0.0017921,0.0017921,0.0017921
23,28.2725,0.76027,0.02753,0.23813,0.53349,0.9031,0.99623,1,0.995,0.81268,0.99623,1,0.995,0.995,0.71576,0.05983,0.07948,0.43129,0.83876,0.0017822,0.0017822,0.0017822
24,29.4066,0.81417,0.03278,0.22313,0.55539,0.93923,0.99486,1,0.995,0.80339,0.99486,1,0.995,0.995,0.71656,0.04951,0.07618,0.43828,0.8453,0.0017723,0.0017723,0.0017723
25,30.5104,0.8482,0.03627,0.24106,0.5963,0.95429,0.99423,1,0.995,0.81037,0.99423,1,0.995,0.995,0.74845,0.0545,0.07382,0.46458,0.86883,0.0017624,0.0017624,0.0017624
26,31.6475,0.80321,0.03432,0.18855,0.56728,0.92755,0.99785,1,0.995,0.81595,0.99785,1,0.995,0.995,0.70595,0.05196,0.07515,0.42793,0.85268,0.0017525,0.0017525,0.0017525
27,32.7304,0.77212,0.03344,0.17573,0.5486,0.91335,0.99785,1,0.995,0.81595,0.99785,1,0.995,0.995,0.70595,0.05196,0.07515,0.42793,0.85268,0.0017426,0.0017426,0.0017426
28,33.8294,0.76753,0.03017,0.17292,0.52629,0.91588,0.99751,1,0.995,0.84683,0.99751,1,0.995,0.995,0.63914,0.04862,0.06624,0.43973,0.83098,0.0017327,0.0017327,0.0017327
29,34.9435,0.74086,0.02349,0.19145,0.50311,0.92077,0.99775,1,0.995,0.85891,0.99775,1,0.995,0.995,0.63564,0.03503,0.07407,0.38454,0.8174,0.0017228,0.0017228,0.0017228
30,36.0476,0.75104,0.02724,0.17405,0.50469,0.93163,0.99766,1,0.995,0.85857,0.99766,1,0.995,0.995,0.62863,0.02726,0.07944,0.36944,0.80743,0.0017129,0.0017129,0.0017129
31,37.1814,0.74273,0.02874,0.20525,0.51921,0.91958,0.99766,1,0.995,0.85857,0.99766,1,0.995,0.995,0.62863,0.02726,0.07944,0.36944,0.80743,0.001703,0.001703,0.001703
32,38.2606,0.76348,0.02785,0.15668,0.51049,0.89957,0.99792,1,0.995,0.8757,0.99792,1,0.995,0.995,0.57529,0.0247,0.07997,0.35403,0.79757,0.0016931,0.0016931,0.0016931
33,39.4031,0.77003,0.02637,0.18155,0.52444,0.93664,0.99805,1,0.995,0.87942,0.99805,1,0.995,0.995,0.596,0.02449,0.06733,0.36227,0.80122,0.0016832,0.0016832,0.0016832
34,40.5038,0.70936,0.02208,0.15436,0.4646,0.89264,0.99806,1,0.995,0.88727,0.99806,1,0.995,0.995,0.59469,0.0259,0.05854,0.35696,0.79963,0.0016733,0.0016733,0.0016733
35,41.6043,0.7591,0.02625,0.14816,0.52116,0.91399,0.99806,1,0.995,0.88727,0.99806,1,0.995,0.995,0.59469,0.0259,0.05854,0.35696,0.79963,0.0016634,0.0016634,0.0016634
36,42.7874,0.66654,0.02193,0.15787,0.45843,0.89026,0.99813,1,0.995,0.87714,0.99813,1,0.995,0.995,0.58951,0.02403,0.04885,0.35753,0.80198,0.0016535,0.0016535,0.0016535
37,43.8936,0.71893,0.02016,0.15065,0.48367,0.91339,0.99798,1,0.995,0.89652,0.99798,1,0.995,0.995,0.54985,0.01719,0.04044,0.35736,0.79285,0.0016436,0.0016436,0.0016436
38,44.9715,0.73116,0.02602,0.13803,0.50154,0.89632,0.99779,1,0.995,0.84236,0.99779,1,0.995,0.995,0.65081,0.017,0.03735,0.39666,0.81108,0.0016337,0.0016337,0.0016337
39,46.0623,0.76858,0.02707,0.12194,0.50487,0.91377,0.99779,1,0.995,0.84236,0.99779,1,0.995,0.995,0.65081,0.017,0.03735,0.39666,0.81108,0.0016238,0.0016238,0.0016238
40,47.1625,0.70954,0.0266,0.13953,0.47926,0.88553,0.99764,1,0.995,0.88144,0.99764,1,0.995,0.995,0.55221,0.01627,0.03726,0.37391,0.7899,0.0016139,0.0016139,0.0016139
41,48.2975,0.72,0.02006,0.15025,0.46502,0.89355,0.99788,1,0.995,0.86788,0.99788,1,0.995,0.995,0.58988,0.01419,0.04131,0.35914,0.80045,0.001604,0.001604,0.001604
42,49.3868,0.78073,0.02192,0.12767,0.48926,0.89405,0.99795,1,0.995,0.86829,0.99795,1,0.995,0.995,0.58988,0.01287,0.04268,0.37141,0.80337,0.0015941,0.0015941,0.0015941
43,50.4557,0.72736,0.01914,0.13489,0.47619,0.89727,0.99795,1,0.995,0.86829,0.99795,1,0.995,0.995,0.58988,0.01287,0.04268,0.37141,0.80337,0.0015842,0.0015842,0.0015842
44,51.5495,0.69107,0.01971,0.10785,0.4566,0.88001,0.99792,1,0.995,0.87188,0.99792,1,0.995,0.995,0.60077,0.01118,0.04175,0.34865,0.79917,0.0015743,0.0015743,0.0015743
45,52.6432,0.70731,0.02221,0.12238,0.48251,0.89427,0.99789,1,0.995,0.87697,0.99789,1,0.995,0.995,0.54832,0.01105,0.04218,0.34245,0.79147,0.0015644,0.0015644,0.0015644
46,53.7545,0.70179,0.01781,0.1185,0.46357,0.90965,0.9979,1,0.995,0.87206,0.9979,1,0.995,0.995,0.52073,0.01253,0.04711,0.33757,0.78257,0.0015545,0.0015545,0.0015545
47,54.8589,0.75169,0.01928,0.11708,0.49619,0.89964,0.9979,1,0.995,0.87206,0.9979,1,0.995,0.995,0.52073,0.01253,0.04711,0.33757,0.78257,0.0015446,0.0015446,0.0015446
48,56.1293,0.70454,0.02125,0.11744,0.46124,0.88016,0.99783,1,0.995,0.87592,0.99783,1,0.995,0.995,0.54472,0.01188,0.05226,0.33594,0.78828,0.0015347,0.0015347,0.0015347
49,57.3054,0.66508,0.01799,0.12628,0.44401,0.8724,0.99792,1,0.995,0.86665,0.99792,1,0.995,0.995,0.59321,0.01007,0.05169,0.34969,0.79679,0.0015248,0.0015248,0.0015248
50,58.4594,0.70308,0.02144,0.11634,0.45304,0.87466,0.998,1,0.995,0.87795,0.998,1,0.995,0.995,0.57314,0.0096,0.0468,0.33308,0.79487,0.0015149,0.0015149,0.0015149
51,59.5495,0.67922,0.0208,0.10895,0.45628,0.87791,0.998,1,0.995,0.87795,0.998,1,0.995,0.995,0.57314,0.0096,0.0468,0.33308,0.79487,0.001505,0.001505,0.001505
52,60.7625,0.67201,0.01685,0.10234,0.43829,0.88895,0.99809,1,0.995,0.87262,0.99809,1,0.995,0.995,0.56954,0.00944,0.04226,0.31743,0.79169,0.0014951,0.0014951,0.0014951
53,61.9581,0.70654,0.02047,0.10288,0.46051,0.88435,0.99814,1,0.995,0.87177,0.99814,1,0.995,0.995,0.54771,0.01015,0.04148,0.30966,0.79005,0.0014852,0.0014852,0.0014852
54,63.1085,0.70406,0.01733,0.11078,0.44848,0.90202,0.99816,1,0.995,0.87607,0.99816,1,0.995,0.995,0.55879,0.00993,0.0452,0.30675,0.79203,0.0014753,0.0014753,0.0014753
55,64.2485,0.6634,0.01593,0.08457,0.42113,0.87736,0.99816,1,0.995,0.87607,0.99816,1,0.995,0.995,0.55879,0.00993,0.0452,0.30675,0.79203,0.0014654,0.0014654,0.0014654
56,65.3925,0.66985,0.0203,0.13356,0.44863,0.90092,0.99818,1,0.995,0.90874,0.99818,1,0.995,0.995,0.52074,0.01237,0.05193,0.30374,0.78387,0.0014555,0.0014555,0.0014555
57,66.5499,0.63668,0.01476,0.09421,0.40636,0.8717,0.99816,1,0.995,0.8888,0.99816,1,0.995,0.995,0.54463,0.01329,0.04994,0.3232,0.78538,0.0014456,0.0014456,0.0014456
58,67.7385,0.66491,0.02188,0.10616,0.43861,0.88731,0.99806,1,0.995,0.88926,0.99806,1,0.995,0.995,0.52812,0.01099,0.0431,0.31632,0.78154,0.0014357,0.0014357,0.0014357
59,68.8564,0.6477,0.01524,0.08274,0.41855,0.87218,0.99806,1,0.995,0.88926,0.99806,1,0.995,0.995,0.52812,0.01099,0.0431,0.31632,0.78154,0.0014258,0.0014258,0.0014258
60,69.997,0.63889,0.01895,0.09895,0.43082,0.88447,0.99803,1,0.995,0.89704,0.99803,1,0.995,0.995,0.52828,0.01033,0.04052,0.3113,0.78229,0.0014159,0.0014159,0.0014159
61,71.0966,0.65334,0.01418,0.09188,0.41856,0.87322,0.99798,1,0.995,0.90178,0.99798,1,0.995,0.995,0.52419,0.01118,0.03769,0.29954,0.78098,0.001406,0.001406,0.001406
62,72.2107,0.68746,0.02023,0.08823,0.43137,0.87885,0.99793,1,0.995,0.8777,0.99793,1,0.995,0.995,0.54547,0.01191,0.0343,0.32665,0.78948,0.0013961,0.0013961,0.0013961
63,73.3217,0.67067,0.01669,0.09061,0.41433,0.88483,0.99793,1,0.995,0.8777,0.99793,1,0.995,0.995,0.54547,0.01191,0.0343,0.32665,0.78948,0.0013862,0.0013862,0.0013862
64,74.4393,0.65495,0.0163,0.09306,0.42916,0.87386,0.99798,1,0.995,0.88466,0.99798,1,0.995,0.995,0.5335,0.01181,0.03274,0.34417,0.78656,0.0013763,0.0013763,0.0013763
65,75.5345,0.65191,0.01785,0.10236,0.41532,0.86424,0.99798,1,0.995,0.90211,0.99798,1,0.995,0.995,0.51115,0.01191,0.03097,0.33325,0.77956,0.0013664,0.0013664,0.0013664
66,76.6423,0.64554,0.01567,0.08933,0.41275,0.86491,0.99799,1,0.995,0.8872,0.99799,1,0.995,0.995,0.51654,0.01111,0.03147,0.31082,0.77897,0.0013565,0.0013565,0.0013565
67,77.7083,0.67503,0.01649,0.08745,0.42909,0.88382,0.99799,1,0.995,0.8872,0.99799,1,0.995,0.995,0.51654,0.01111,0.03147,0.31082,0.77897,0.0013466,0.0013466,0.0013466
68,78.7985,0.68079,0.01723,0.07189,0.42874,0.89395,0.99796,1,0.995,0.91241,0.99796,1,0.995,0.995,0.50469,0.01031,0.03532,0.31069,0.77933,0.0013367,0.0013367,0.0013367
69,79.9056,0.65287,0.01949,0.08745,0.42507,0.87377,0.99805,1,0.995,0.89629,0.99805,1,0.995,0.995,0.51856,0.01174,0.03689,0.30644,0.7823,0.0013268,0.0013268,0.0013268
70,80.9953,0.62408,0.02077,0.08484,0.39352,0.84922,0.99802,1,0.995,0.88906,0.99802,1,0.995,0.995,0.51791,0.0151,0.03317,0.30426,0.78391,0.0013169,0.0013169,0.0013169
71,82.0604,0.66386,0.01969,0.07218,0.43378,0.88113,0.99802,1,0.995,0.88906,0.99802,1,0.995,0.995,0.51791,0.0151,0.03317,0.30426,0.78391,0.001307,0.001307,0.001307
72,83.1676,0.65956,0.01747,0.0995,0.41675,0.88483,0.99796,1,0.995,0.88831,0.99796,1,0.995,0.995,0.5269,0.01436,0.03118,0.31499,0.78514,0.0012971,0.0012971,0.0012971
73,84.2571,0.60252,0.01692,0.07795,0.3947,0.85934,0.99808,1,0.995,0.89258,0.99808,1,0.995,0.995,0.55244,0.01119,0.03247,0.32405,0.78803,0.0012872,0.0012872,0.0012872
74,85.3485,0.65762,0.01571,0.08492,0.42119,0.88187,0.99813,1,0.995,0.89705,0.99813,1,0.995,0.995,0.52166,0.00993,0.03413,0.32829,0.78655,0.0012773,0.0012773,0.0012773
75,86.4229,0.6225,0.01827,0.06396,0.41669,0.87581,0.99813,1,0.995,0.89705,0.99813,1,0.995,0.995,0.52166,0.00993,0.03413,0.32829,0.78655,0.0012674,0.0012674,0.0012674
76,87.5165,0.67676,0.02405,0.1076,0.42628,0.88072,0.9981,1,0.995,0.89003,0.9981,1,0.995,0.995,0.53546,0.00913,0.03468,0.31329,0.78306,0.0012575,0.0012575,0.0012575
77,88.616,0.6343,0.01748,0.0671,0.39727,0.85817,0.99798,1,0.995,0.89024,0.99798,1,0.995,0.995,0.51686,0.00998,0.03558,0.30377,0.77949,0.0012476,0.0012476,0.0012476
78,89.7193,0.61788,0.01981,0.07959,0.38493,0.86282,0.99796,1,0.995,0.89398,0.99796,1,0.995,0.995,0.50378,0.00993,0.03354,0.30295,0.77894,0.0012377,0.0012377,0.0012377
79,90.7865,0.65264,0.01463,0.08068,0.40926,0.87362,0.99796,1,0.995,0.89398,0.99796,1,0.995,0.995,0.50378,0.00993,0.03354,0.30295,0.77894,0.0012278,0.0012278,0.0012278
80,91.9264,0.61844,0.01195,0.04564,0.38013,0.859,0.99787,1,0.995,0.89818,0.99787,1,0.995,0.995,0.51245,0.00872,0.03016,0.28865,0.78104,0.0012179,0.0012179,0.0012179
81,93.048,0.64538,0.01625,0.06125,0.40686,0.88354,0.99789,1,0.995,0.90084,0.99789,1,0.995,0.995,0.49427,0.00804,0.02914,0.28611,0.77841,0.001208,0.001208,0.001208
82,94.1779,0.62164,0.01405,0.06365,0.39312,0.87439,0.9979,1,0.995,0.90185,0.9979,1,0.995,0.995,0.47984,0.00932,0.03236,0.27391,0.77693,0.0011981,0.0011981,0.0011981
83,95.2974,0.62859,0.01279,0.06687,0.40104,0.8865,0.9979,1,0.995,0.90185,0.9979,1,0.995,0.995,0.47984,0.00932,0.03236,0.27391,0.77693,0.0011882,0.0011882,0.0011882
84,96.4404,0.64608,0.01488,0.07636,0.40918,0.86941,0.99798,1,0.995,0.89325,0.99798,1,0.995,0.995,0.50014,0.01093,0.03339,0.28181,0.78077,0.0011783,0.0011783,0.0011783
85,97.6954,0.66024,0.01154,0.05019,0.416,0.88842,0.99798,1,0.995,0.87536,0.99798,1,0.995,0.995,0.52992,0.01057,0.03097,0.29188,0.78688,0.0011684,0.0011684,0.0011684
86,98.8905,0.63777,0.00991,0.04722,0.39262,0.88206,0.99798,1,0.995,0.89971,0.99798,1,0.995,0.995,0.53009,0.01212,0.02996,0.28929,0.78458,0.0011585,0.0011585,0.0011585
87,100.036,0.61514,0.01378,0.0589,0.38035,0.8706,0.99798,1,0.995,0.89971,0.99798,1,0.995,0.995,0.53009,0.01212,0.02996,0.28929,0.78458,0.0011486,0.0011486,0.0011486
88,101.157,0.64444,0.01582,0.06009,0.39894,0.87501,0.99796,1,0.995,0.88275,0.99796,1,0.995,0.995,0.53028,0.01156,0.02693,0.29151,0.78232,0.0011387,0.0011387,0.0011387
89,102.298,0.60214,0.01308,0.0798,0.39602,0.87412,0.99798,1,0.995,0.90275,0.99798,1,0.995,0.995,0.51805,0.00876,0.02469,0.28122,0.78037,0.0011288,0.0011288,0.0011288
90,103.43,0.64113,0.01624,0.07752,0.40516,0.87671,0.99801,1,0.995,0.89896,0.99801,1,0.995,0.995,0.52142,0.00662,0.02206,0.29768,0.78342,0.0011189,0.0011189,0.0011189
91,104.547,0.62201,0.01239,0.08581,0.4138,0.89218,0.99801,1,0.995,0.89896,0.99801,1,0.995,0.995,0.52142,0.00662,0.02206,0.29768,0.78342,0.001109,0.001109,0.001109
92,105.646,0.64122,0.01214,0.06754,0.40576,0.87576,0.99807,1,0.995,0.89316,0.99807,1,0.995,0.995,0.52482,0.00662,0.02101,0.30856,0.78455,0.0010991,0.0010991,0.0010991
93,106.769,0.62821,0.01402,0.08051,0.40084,0.87289,0.9981,1,0.995,0.91098,0.9981,1,0.995,0.995,0.52113,0.00703,0.02027,0.30074,0.78099,0.0010892,0.0010892,0.0010892
94,107.902,0.61792,0.01133,0.04647,0.39565,0.86672,0.9981,1,0.995,0.88573,0.9981,1,0.995,0.995,0.53918,0.00706,0.01983,0.29877,0.78195,0.0010793,0.0010793,0.0010793
95,108.987,0.64109,0.01425,0.06558,0.409,0.87745,0.9981,1,0.995,0.88573,0.9981,1,0.995,0.995,0.53918,0.00706,0.01983,0.29877,0.78195,0.0010694,0.0010694,0.0010694
96,110.093,0.58991,0.01278,0.05292,0.36384,0.85439,0.9981,1,0.995,0.88676,0.9981,1,0.995,0.995,0.52906,0.00755,0.01933,0.29588,0.7806,0.0010595,0.0010595,0.0010595
97,111.206,0.60766,0.01116,0.07002,0.38449,0.86679,0.99812,1,0.995,0.89001,0.99812,1,0.995,0.995,0.50856,0.0077,0.02,0.28012,0.77842,0.0010496,0.0010496,0.0010496
98,112.343,0.55584,0.01215,0.05467,0.36089,0.84821,0.9981,1,0.995,0.89474,0.9981,1,0.995,0.995,0.51029,0.00712,0.02064,0.28077,0.77714,0.0010397,0.0010397,0.0010397
99,113.435,0.58146,0.0118,0.04415,0.37292,0.85678,0.9981,1,0.995,0.89474,0.9981,1,0.995,0.995,0.51029,0.00712,0.02064,0.28077,0.77714,0.0010298,0.0010298,0.0010298
100,114.548,0.59572,0.01802,0.09512,0.37217,0.86543,0.99803,1,0.995,0.91921,0.99803,1,0.995,0.995,0.47268,0.0061,0.01964,0.27276,0.77244,0.0010199,0.0010199,0.0010199
101,115.679,0.57845,0.01088,0.06051,0.35913,0.86615,0.99815,1,0.995,0.89563,0.99815,1,0.995,0.995,0.47087,0.00627,0.01992,0.27176,0.77301,0.00101,0.00101,0.00101
102,116.84,0.58516,0.00971,0.05941,0.35656,0.85643,0.99816,1,0.995,0.90515,0.99816,1,0.995,0.995,0.48431,0.00711,0.02087,0.2671,0.77587,0.0010001,0.0010001,0.0010001
103,117.985,0.63759,0.01334,0.07942,0.38682,0.87545,0.99816,1,0.995,0.90515,0.99816,1,0.995,0.995,0.48431,0.00711,0.02087,0.2671,0.77587,0.0009902,0.0009902,0.0009902
104,119.164,0.58855,0.01448,0.06585,0.36879,0.87014,0.99818,1,0.995,0.91991,0.99818,1,0.995,0.995,0.442,0.00671,0.02418,0.25873,0.76971,0.0009803,0.0009803,0.0009803
105,120.292,0.55433,0.00956,0.06849,0.35351,0.84496,0.99816,1,0.995,0.91785,0.99816,1,0.995,0.995,0.4294,0.00588,0.02374,0.24997,0.76653,0.0009704,0.0009704,0.0009704
106,121.477,0.52818,0.01026,0.04048,0.35009,0.84054,0.99817,1,0.995,0.91715,0.99817,1,0.995,0.995,0.43609,0.0059,0.02375,0.24971,0.7689,0.0009605,0.0009605,0.0009605
107,122.582,0.58454,0.01513,0.07205,0.36867,0.87797,0.99817,1,0.995,0.91715,0.99817,1,0.995,0.995,0.43609,0.0059,0.02375,0.24971,0.7689,0.0009506,0.0009506,0.0009506
108,123.707,0.58127,0.01484,0.06172,0.37993,0.86216,0.99811,1,0.995,0.91209,0.99811,1,0.995,0.995,0.45854,0.00568,0.02114,0.25296,0.77055,0.0009407,0.0009407,0.0009407
109,124.819,0.55054,0.01201,0.05286,0.35299,0.8535,0.99811,1,0.995,0.91284,0.99811,1,0.995,0.995,0.47347,0.00512,0.01758,0.25351,0.77393,0.0009308,0.0009308,0.0009308
110,125.923,0.57921,0.01138,0.06261,0.36022,0.85716,0.99806,1,0.995,0.90535,0.99806,1,0.995,0.995,0.49775,0.00567,0.01441,0.26756,0.77867,0.0009209,0.0009209,0.0009209
111,127.029,0.57107,0.00993,0.06391,0.35391,0.84359,0.99806,1,0.995,0.90535,0.99806,1,0.995,0.995,0.49775,0.00567,0.01441,0.26756,0.77867,0.000911,0.000911,0.000911
112,128.181,0.58273,0.01252,0.05136,0.37007,0.85975,0.99804,1,0.995,0.90262,0.99804,1,0.995,0.995,0.51668,0.00688,0.01344,0.27513,0.77932,0.0009011,0.0009011,0.0009011
113,129.329,0.56419,0.01402,0.08112,0.35134,0.85414,0.99802,1,0.995,0.90082,0.99802,1,0.995,0.995,0.50729,0.00791,0.01413,0.27354,0.77783,0.0008912,0.0008912,0.0008912
114,130.469,0.56711,0.01327,0.05643,0.363,0.83654,0.99806,1,0.995,0.92383,0.99806,1,0.995,0.995,0.48516,0.00812,0.01511,0.27163,0.77405,0.0008813,0.0008813,0.0008813
115,131.569,0.58448,0.01453,0.08717,0.36457,0.88162,0.99806,1,0.995,0.92383,0.99806,1,0.995,0.995,0.48516,0.00812,0.01511,0.27163,0.77405,0.0008714,0.0008714,0.0008714
116,132.742,0.58192,0.01292,0.05436,0.36949,0.85322,0.99808,1,0.995,0.91861,0.99808,1,0.995,0.995,0.46668,0.00781,0.01668,0.26874,0.77253,0.0008615,0.0008615,0.0008615
117,133.879,0.54297,0.00882,0.06029,0.34289,0.8432,0.99812,1,0.995,0.90544,0.99812,1,0.995,0.995,0.49153,0.00753,0.01771,0.2611,0.77568,0.0008516,0.0008516,0.0008516
118,135.054,0.54807,0.01219,0.05457,0.35192,0.84593,0.99815,1,0.995,0.92042,0.99815,1,0.995,0.995,0.494,0.0077,0.01976,0.26837,0.77498,0.0008417,0.0008417,0.0008417
119,136.16,0.55619,0.00949,0.06098,0.35128,0.86176,0.99815,1,0.995,0.92042,0.99815,1,0.995,0.995,0.494,0.0077,0.01976,0.26837,0.77498,0.0008318,0.0008318,0.0008318
120,137.317,0.55856,0.01023,0.07408,0.35273,0.85889,0.99814,1,0.995,0.91625,0.99814,1,0.995,0.995,0.491,0.00772,0.02037,0.27405,0.77425,0.0008219,0.0008219,0.0008219
121,138.537,0.56019,0.01381,0.04682,0.36287,0.85345,0.99814,1,0.995,0.89969,0.99814,1,0.995,0.995,0.50783,0.00757,0.01908,0.29025,0.77678,0.000812,0.000812,0.000812
122,139.677,0.54991,0.01167,0.05263,0.34472,0.85327,0.99814,1,0.995,0.90536,0.99814,1,0.995,0.995,0.49642,0.00731,0.01709,0.27358,0.77613,0.0008021,0.0008021,0.0008021
123,140.79,0.54551,0.01206,0.06331,0.34923,0.84318,0.99814,1,0.995,0.90536,0.99814,1,0.995,0.995,0.49642,0.00731,0.01709,0.27358,0.77613,0.0007922,0.0007922,0.0007922
124,141.979,0.52193,0.0112,0.05374,0.34604,0.84101,0.99812,1,0.995,0.90367,0.99812,1,0.995,0.995,0.48851,0.00619,0.01578,0.25991,0.7787,0.0007823,0.0007823,0.0007823
125,143.113,0.57811,0.00985,0.04274,0.36647,0.85989,0.99811,1,0.995,0.90222,0.99811,1,0.995,0.995,0.48209,0.00541,0.01454,0.2534,0.77928,0.0007724,0.0007724,0.0007724
126,144.247,0.56722,0.01181,0.04813,0.35358,0.8486,0.99812,1,0.995,0.90492,0.99812,1,0.995,0.995,0.49107,0.0058,0.01445,0.26276,0.7807,0.0007625,0.0007625,0.0007625
127,145.37,0.5275,0.00753,0.03527,0.325,0.83503,0.99812,1,0.995,0.90492,0.99812,1,0.995,0.995,0.49107,0.0058,0.01445,0.26276,0.7807,0.0007526,0.0007526,0.0007526
128,146.485,0.52842,0.00987,0.04913,0.35091,0.85132,0.9981,1,0.995,0.90757,0.9981,1,0.995,0.995,0.49892,0.006,0.01472,0.25776,0.78049,0.0007427,0.0007427,0.0007427
129,147.601,0.54821,0.00872,0.04557,0.3444,0.84753,0.99807,1,0.995,0.91872,0.99807,1,0.995,0.995,0.50989,0.00593,0.01582,0.26005,0.77902,0.0007328,0.0007328,0.0007328
130,148.743,0.54839,0.0089,0.03757,0.34189,0.85601,0.99809,1,0.995,0.90011,0.99809,1,0.995,0.995,0.52573,0.00598,0.01685,0.26391,0.7796,0.0007229,0.0007229,0.0007229
131,149.851,0.58708,0.01131,0.04771,0.36057,0.86041,0.99809,1,0.995,0.90011,0.99809,1,0.995,0.995,0.52573,0.00598,0.01685,0.26391,0.7796,0.000713,0.000713,0.000713
132,150.984,0.55732,0.00922,0.04287,0.34883,0.85295,0.99812,1,0.995,0.90182,0.99812,1,0.995,0.995,0.53461,0.00571,0.01801,0.27337,0.78175,0.0007031,0.0007031,0.0007031
133,152.083,0.57329,0.01021,0.03666,0.35816,0.85888,0.99815,1,0.995,0.89859,0.99815,1,0.995,0.995,0.52419,0.00585,0.01931,0.27932,0.77972,0.0006932,0.0006932,0.0006932
134,153.335,0.53685,0.01103,0.05134,0.34278,0.84158,0.99816,1,0.995,0.89227,0.99816,1,0.995,0.995,0.52286,0.00583,0.02025,0.27498,0.7794,0.0006833,0.0006833,0.0006833
135,154.451,0.58574,0.01492,0.05876,0.37121,0.86134,0.99816,1,0.995,0.89227,0.99816,1,0.995,0.995,0.52286,0.00583,0.02025,0.27498,0.7794,0.0006734,0.0006734,0.0006734
136,155.591,0.56337,0.01225,0.05223,0.3477,0.84186,0.99816,1,0.995,0.90825,0.99816,1,0.995,0.995,0.51427,0.00616,0.01935,0.26104,0.77883,0.0006635,0.0006635,0.0006635
137,156.702,0.55139,0.00933,0.06685,0.3463,0.86398,0.99816,1,0.995,0.89537,0.99816,1,0.995,0.995,0.50171,0.00626,0.01924,0.25885,0.77556,0.0006536,0.0006536,0.0006536
138,157.805,0.55851,0.00924,0.05135,0.36929,0.86262,0.99816,1,0.995,0.90596,0.99816,1,0.995,0.995,0.49972,0.0059,0.01977,0.24948,0.77702,0.0006437,0.0006437,0.0006437
139,158.873,0.54916,0.00995,0.06677,0.34112,0.8469,0.99816,1,0.995,0.90596,0.99816,1,0.995,0.995,0.49972,0.0059,0.01977,0.24948,0.77702,0.0006338,0.0006338,0.0006338
140,159.967,0.52824,0.00916,0.04044,0.33723,0.85435,0.99815,1,0.995,0.90304,0.99815,1,0.995,0.995,0.51485,0.00548,0.0197,0.24759,0.7804,0.0006239,0.0006239,0.0006239
141,161.07,0.54711,0.01063,0.06153,0.35111,0.85655,0.99814,1,0.995,0.90153,0.99814,1,0.995,0.995,0.49112,0.0052,0.01923,0.25186,0.77505,0.000614,0.000614,0.000614
142,162.196,0.55866,0.00835,0.04582,0.34841,0.86203,0.99815,1,0.995,0.89219,0.99815,1,0.995,0.995,0.48666,0.00526,0.01816,0.25647,0.77341,0.0006041,0.0006041,0.0006041
143,163.295,0.53576,0.00798,0.04867,0.32984,0.84711,0.99815,1,0.995,0.89219,0.99815,1,0.995,0.995,0.48666,0.00526,0.01816,0.25647,0.77341,0.0005942,0.0005942,0.0005942
144,164.421,0.51186,0.00827,0.04268,0.33247,0.85337,0.99812,1,0.995,0.90109,0.99812,1,0.995,0.995,0.49008,0.00539,0.01823,0.25564,0.77478,0.0005843,0.0005843,0.0005843
145,165.558,0.58151,0.0122,0.03729,0.36237,0.85583,0.99815,1,0.995,0.90788,0.99815,1,0.995,0.995,0.49243,0.00544,0.01762,0.26833,0.77447,0.0005744,0.0005744,0.0005744
146,166.681,0.55611,0.00905,0.03418,0.36017,0.85849,0.99814,1,0.995,0.90113,0.99814,1,0.995,0.995,0.49033,0.00524,0.01777,0.26932,0.77348,0.0005645,0.0005645,0.0005645
147,167.784,0.54727,0.01164,0.06213,0.36464,0.86649,0.99814,1,0.995,0.90113,0.99814,1,0.995,0.995,0.49033,0.00524,0.01777,0.26932,0.77348,0.0005546,0.0005546,0.0005546
148,168.906,0.54195,0.00702,0.04438,0.33818,0.85764,0.99815,1,0.995,0.90504,0.99815,1,0.995,0.995,0.48573,0.0048,0.01744,0.25576,0.7724,0.0005447,0.0005447,0.0005447
149,170.07,0.51731,0.00733,0.02609,0.33049,0.82926,0.99815,1,0.995,0.91971,0.99815,1,0.995,0.995,0.48333,0.00442,0.01662,0.25406,0.77196,0.0005348,0.0005348,0.0005348
150,171.207,0.55602,0.00836,0.04085,0.33613,0.84427,0.99816,1,0.995,0.92052,0.99816,1,0.995,0.995,0.48237,0.00434,0.01522,0.26039,0.77258,0.0005249,0.0005249,0.0005249
151,172.34,0.53539,0.00812,0.03622,0.32881,0.85108,0.99816,1,0.995,0.92052,0.99816,1,0.995,0.995,0.48237,0.00434,0.01522,0.26039,0.77258,0.000515,0.000515,0.000515
152,173.453,0.52329,0.00744,0.03271,0.32983,0.84179,0.99817,1,0.995,0.90317,0.99817,1,0.995,0.995,0.48091,0.00422,0.0146,0.26105,0.77116,0.0005051,0.0005051,0.0005051
153,174.563,0.51793,0.01022,0.05436,0.3268,0.84658,0.99818,1,0.995,0.91669,0.99818,1,0.995,0.995,0.483,0.004,0.01356,0.26218,0.77085,0.0004952,0.0004952,0.0004952
154,175.697,0.53282,0.00784,0.02809,0.34649,0.85128,0.99819,1,0.995,0.91516,0.99819,1,0.995,0.995,0.48325,0.00382,0.01314,0.26317,0.77144,0.0004853,0.0004853,0.0004853
155,176.858,0.52938,0.0082,0.03462,0.33566,0.84535,0.99819,1,0.995,0.91516,0.99819,1,0.995,0.995,0.48325,0.00382,0.01314,0.26317,0.77144,0.0004754,0.0004754,0.0004754
156,177.983,0.53282,0.00867,0.05973,0.3292,0.86112,0.99816,1,0.995,0.91872,0.99816,1,0.995,0.995,0.47794,0.00362,0.01346,0.25326,0.77031,0.0004655,0.0004655,0.0004655
157,179.149,0.52641,0.00734,0.04006,0.32627,0.84998,0.99814,1,0.995,0.9187,0.99814,1,0.995,0.995,0.47277,0.00348,0.0136,0.24614,0.77092,0.0004556,0.0004556,0.0004556
158,180.276,0.53567,0.0127,0.04039,0.32478,0.84577,0.99814,1,0.995,0.91653,0.99814,1,0.995,0.995,0.47444,0.00356,0.01398,0.23614,0.77173,0.0004457,0.0004457,0.0004457
159,181.377,0.50086,0.00718,0.03187,0.31671,0.84377,0.99814,1,0.995,0.91653,0.99814,1,0.995,0.995,0.47444,0.00356,0.01398,0.23614,0.77173,0.0004358,0.0004358,0.0004358
160,182.525,0.52974,0.00778,0.06101,0.32778,0.84025,1,1,0.995,0.91362,1,1,0.995,0.995,0.47609,0.00377,0.01412,0.23829,0.77094,0.0004259,0.0004259,0.0004259
161,183.702,0.5265,0.01011,0.05422,0.33234,0.8514,1,1,0.995,0.92382,1,1,0.995,0.995,0.46838,0.00371,0.01412,0.23627,0.77073,0.000416,0.000416,0.000416
162,184.82,0.51322,0.00962,0.0595,0.32712,0.8478,1,1,0.995,0.92614,1,1,0.995,0.995,0.45505,0.00371,0.01386,0.23467,0.77072,0.0004061,0.0004061,0.0004061
163,185.901,0.52379,0.00913,0.0273,0.33275,0.8414,1,1,0.995,0.92614,1,1,0.995,0.995,0.45505,0.00371,0.01386,0.23467,0.77072,0.0003962,0.0003962,0.0003962
164,187.034,0.53071,0.00803,0.05787,0.32378,0.85075,1,1,0.995,0.90546,1,1,0.995,0.995,0.45213,0.00382,0.01305,0.22988,0.77025,0.0003863,0.0003863,0.0003863
165,188.176,0.53196,0.00906,0.03354,0.32626,0.83891,0.99812,1,0.995,0.9074,0.99812,1,0.995,0.995,0.44993,0.004,0.01206,0.22996,0.76907,0.0003764,0.0003764,0.0003764
166,189.324,0.52767,0.01064,0.06222,0.33892,0.84949,0.99812,1,0.995,0.91171,0.99812,1,0.995,0.995,0.45352,0.00419,0.012,0.22893,0.7693,0.0003665,0.0003665,0.0003665
167,190.461,0.51066,0.00598,0.03786,0.32598,0.84918,0.99812,1,0.995,0.91171,0.99812,1,0.995,0.995,0.45352,0.00419,0.012,0.22893,0.7693,0.0003566,0.0003566,0.0003566
168,191.56,0.5011,0.00958,0.02835,0.32772,0.82408,0.99815,1,0.995,0.91393,0.99815,1,0.995,0.995,0.46585,0.00407,0.01245,0.23801,0.77079,0.0003467,0.0003467,0.0003467
169,192.663,0.50618,0.00667,0.02325,0.31181,0.82486,0.99815,1,0.995,0.9063,0.99815,1,0.995,0.995,0.47733,0.00402,0.01271,0.24039,0.77284,0.0003368,0.0003368,0.0003368
170,193.758,0.51621,0.00636,0.04087,0.31787,0.85174,0.99815,1,0.995,0.89806,0.99815,1,0.995,0.995,0.48479,0.004,0.01279,0.23598,0.77497,0.0003269,0.0003269,0.0003269
171,194.854,0.5049,0.00708,0.04877,0.30901,0.8435,0.99815,1,0.995,0.89806,0.99815,1,0.995,0.995,0.48479,0.004,0.01279,0.23598,0.77497,0.000317,0.000317,0.000317
172,195.977,0.51691,0.00789,0.03686,0.32335,0.8415,1,1,0.995,0.9074,1,1,0.995,0.995,0.48156,0.00392,0.01319,0.22967,0.77599,0.0003071,0.0003071,0.0003071
173,197.095,0.50959,0.00647,0.02923,0.31377,0.84373,1,1,0.995,0.91015,1,1,0.995,0.995,0.4734,0.00367,0.01321,0.23234,0.77589,0.0002972,0.0002972,0.0002972
174,198.212,0.47512,0.00891,0.03442,0.2955,0.83118,1,1,0.995,0.91768,1,1,0.995,0.995,0.46193,0.00349,0.01337,0.22908,0.77332,0.0002873,0.0002873,0.0002873
175,199.307,0.5051,0.00764,0.02879,0.30746,0.83282,1,1,0.995,0.91768,1,1,0.995,0.995,0.46193,0.00349,0.01337,0.22908,0.77332,0.0002774,0.0002774,0.0002774
176,200.448,0.52222,0.00619,0.03517,0.33016,0.8637,1,1,0.995,0.9231,1,1,0.995,0.995,0.46083,0.00343,0.01355,0.22928,0.7711,0.0002675,0.0002675,0.0002675
177,201.576,0.51582,0.00729,0.03786,0.32697,0.85283,0.99819,1,0.995,0.92359,0.99819,1,0.995,0.995,0.45919,0.00362,0.01312,0.22921,0.76933,0.0002576,0.0002576,0.0002576
178,202.718,0.49493,0.00896,0.04029,0.30622,0.84779,0.9982,1,0.995,0.91323,0.9982,1,0.995,0.995,0.45613,0.0037,0.01256,0.22498,0.76857,0.0002477,0.0002477,0.0002477
179,203.798,0.49852,0.00905,0.04573,0.30811,0.83703,0.9982,1,0.995,0.91323,0.9982,1,0.995,0.995,0.45613,0.0037,0.01256,0.22498,0.76857,0.0002378,0.0002378,0.0002378
180,204.969,0.50466,0.00877,0.04252,0.31312,0.85109,0.99819,1,0.995,0.9123,0.99819,1,0.995,0.995,0.46306,0.00378,0.01199,0.22699,0.76888,0.0002279,0.0002279,0.0002279
181,206.071,0.50433,0.01217,0.03168,0.31373,0.83145,0.99819,1,0.995,0.91839,0.99819,1,0.995,0.995,0.47724,0.00374,0.01177,0.23311,0.77007,0.000218,0.000218,0.000218
182,207.207,0.49897,0.00924,0.04114,0.31359,0.84707,0.99816,1,0.995,0.91888,0.99816,1,0.995,0.995,0.47838,0.0036,0.01162,0.23693,0.77104,0.0002081,0.0002081,0.0002081
183,208.319,0.49575,0.00744,0.03178,0.30818,0.83794,0.99816,1,0.995,0.91888,0.99816,1,0.995,0.995,0.47838,0.0036,0.01162,0.23693,0.77104,0.0001982,0.0001982,0.0001982
184,209.459,0.46662,0.00766,0.02932,0.28805,0.83731,0.99818,1,0.995,0.90672,0.99818,1,0.995,0.995,0.47752,0.00355,0.01176,0.23737,0.77185,0.0001883,0.0001883,0.0001883
185,210.598,0.48654,0.0065,0.03333,0.30429,0.83915,0.99818,1,0.995,0.91036,0.99818,1,0.995,0.995,0.475,0.00345,0.01192,0.23927,0.77165,0.0001784,0.0001784,0.0001784
186,211.743,0.47926,0.00647,0.03383,0.30141,0.85055,0.99818,1,0.995,0.91009,0.99818,1,0.995,0.995,0.47176,0.00331,0.01218,0.24033,0.77145,0.0001685,0.0001685,0.0001685
187,212.808,0.47286,0.00668,0.04263,0.30699,0.85191,0.99818,1,0.995,0.91009,0.99818,1,0.995,0.995,0.47176,0.00331,0.01218,0.24033,0.77145,0.0001586,0.0001586,0.0001586
188,213.938,0.49148,0.00768,0.03143,0.30762,0.84708,0.99818,1,0.995,0.90974,0.99818,1,0.995,0.995,0.46901,0.00323,0.01244,0.23955,0.77088,0.0001487,0.0001487,0.0001487
189,215.072,0.49012,0.00604,0.05653,0.30141,0.84311,1,1,0.995,0.91078,1,1,0.995,0.995,0.46609,0.00324,0.0126,0.24019,0.7698,0.0001388,0.0001388,0.0001388
190,216.211,0.48767,0.00786,0.04831,0.30426,0.83922,1,1,0.995,0.91755,1,1,0.995,0.995,0.46475,0.00334,0.01316,0.2337,0.77035,0.0001289,0.0001289,0.0001289
191,218.411,0.43081,0.00526,0.01305,0.25144,0.82022,1,1,0.995,0.91755,1,1,0.995,0.995,0.46475,0.00334,0.01316,0.2337,0.77035,0.000119,0.000119,0.000119
192,219.545,0.48124,0.01139,0.0323,0.32186,0.85482,0.99817,1,0.995,0.92085,0.99817,1,0.995,0.995,0.46482,0.00327,0.01288,0.22605,0.77066,0.0001091,0.0001091,0.0001091
193,220.617,0.48139,0.00947,0.02145,0.28334,0.82268,0.99817,1,0.995,0.91127,0.99817,1,0.995,0.995,0.46589,0.00324,0.01191,0.22263,0.77097,9.92e-05,9.92e-05,9.92e-05
194,221.644,0.42657,0.00574,0.01319,0.25353,0.823,0.99818,1,0.995,0.91319,0.99818,1,0.995,0.995,0.46693,0.00329,0.01105,0.22003,0.77054,8.93e-05,8.93e-05,8.93e-05
195,222.671,0.44506,0.0073,0.02143,0.25612,0.8127,0.99818,1,0.995,0.91319,0.99818,1,0.995,0.995,0.46693,0.00329,0.01105,0.22003,0.77054,7.94e-05,7.94e-05,7.94e-05
196,223.733,0.44873,0.00753,0.02504,0.25505,0.8331,0.99818,1,0.995,0.90648,0.99818,1,0.995,0.995,0.46959,0.00322,0.01045,0.21907,0.7706,6.95e-05,6.95e-05,6.95e-05
197,224.81,0.43362,0.0061,0.02416,0.25513,0.79613,0.99817,1,0.995,0.91875,0.99817,1,0.995,0.995,0.46762,0.00319,0.01029,0.2209,0.77023,5.96e-05,5.96e-05,5.96e-05
198,225.865,0.45105,0.0066,0.00996,0.26658,0.82405,0.99818,1,0.995,0.92344,0.99818,1,0.995,0.995,0.46672,0.00322,0.00975,0.22181,0.7697,4.97e-05,4.97e-05,4.97e-05
199,226.965,0.43603,0.005,0.01516,0.25435,0.81873,0.99818,1,0.995,0.92344,0.99818,1,0.995,0.995,0.46672,0.00322,0.00975,0.22181,0.7697,3.98e-05,3.98e-05,3.98e-05
200,228.205,0.4179,0.00581,0.01373,0.24435,0.80585,0.99819,1,0.995,0.92319,0.99819,1,0.995,0.995,0.46636,0.00324,0.00964,0.21775,0.76965,2.99e-05,2.99e-05,2.99e-05
