epoch,time,train/box_loss,train/cls_loss,train/dfl_loss,metrics/precision(B),metrics/recall(B),metrics/mAP50(B),metrics/mAP50-95(B),val/box_loss,val/cls_loss,val/dfl_loss,lr/pg0,lr/pg1,lr/pg2
1,22.0678,0.66789,3.19298,0.94717,0.00333,1,0.29073,0.23797,0.5269,3.5059,0.76129,0.00034,0.00034,0.00034
2,41.3354,0.75249,1.74766,0.94229,0.00333,1,0.64208,0.44887,0.62219,3.2682,0.79699,0.000696535,0.000696535,0.000696535
3,60.2585,0.74552,1.55476,0.9097,0.00333,1,0.18223,0.14829,0.66343,3.38173,0.80082,0.00104951,0.00104951,0.00104951
4,79.4113,0.73222,1.34908,0.92732,0.00111,0.33333,0.00938,0.0086,1.306,4.92347,1.6231,0.00139891,0.00139891,0.00139891
5,97.8076,0.74389,1.28106,0.93329,0.81794,0.5,0.57371,0.44869,1.2101,3.85666,1.19237,0.00174476,0.00174476,0.00174476
6,116,0.7413,1.35221,0.94328,0.97837,1,0.995,0.84197,0.62849,2.05905,0.83282,0.0019505,0.0019505,0.0019505
7,133.949,0.73216,1.2086,0.93201,0.99423,1,0.995,0.87786,0.53312,1.379,0.79337,0.0019406,0.0019406,0.0019406
8,153.073,0.71277,1.18909,0.91974,0.9936,1,0.995,0.87182,0.59729,1.47254,0.80992,0.0019307,0.0019307,0.0019307
9,171.501,0.67367,1.10061,0.9084,0.9952,1,0.995,0.86815,0.51553,1.07404,0.7945,0.0019208,0.0019208,0.0019208
10,190.883,0.70251,1.03115,0.91895,0.79885,0.99328,0.97233,0.84272,0.60504,1.60558,0.85307,0.0019109,0.0019109,0.0019109
11,209.8,0.66749,1.03844,0.92674,0.99401,1,0.995,0.83862,0.59239,0.91455,0.8037,0.001901,0.001901,0.001901
12,228.06,0.70677,0.98792,0.90414,0.99565,1,0.995,0.89472,0.56593,0.80439,0.7881,0.0018911,0.0018911,0.0018911
13,245.62,0.67273,0.96156,0.90123,0.99455,1,0.995,0.87319,0.57706,0.88677,0.78274,0.0018812,0.0018812,0.0018812
14,265.062,0.64823,0.87881,0.89169,0.99495,1,0.995,0.85576,0.55668,0.76208,0.80507,0.0018713,0.0018713,0.0018713
15,283.988,0.66266,0.85227,0.89321,0.99514,1,0.995,0.85869,0.57383,0.70723,0.80781,0.0018614,0.0018614,0.0018614
16,302.368,0.66961,0.78166,0.88627,0.9904,1,0.995,0.87206,0.5601,0.68786,0.79905,0.0018515,0.0018515,0.0018515
17,321.892,0.66461,0.81057,0.89815,0.99481,1,0.995,0.83436,0.62313,0.71742,0.81827,0.0018416,0.0018416,0.0018416
18,340.599,0.65495,0.78686,0.90292,0.99381,1,0.995,0.87746,0.5506,0.72578,0.77802,0.0018317,0.0018317,0.0018317
19,360.163,0.58476,0.70214,0.85214,0.99178,1,0.995,0.86775,0.55851,0.75569,0.78163,0.0018218,0.0018218,0.0018218
20,378.762,0.63691,0.70842,0.9032,0.99374,1,0.995,0.89209,0.52741,0.62591,0.78052,0.0018119,0.0018119,0.0018119
21,396.73,0.62293,0.69713,0.89169,0.99515,1,0.995,0.88462,0.51552,0.59039,0.76846,0.001802,0.001802,0.001802
22,415.135,0.64404,0.68816,0.89715,0.99494,1,0.995,0.90082,0.50672,0.5028,0.7695,0.0017921,0.0017921,0.0017921
23,433.023,0.61566,0.66409,0.89687,0.99567,1,0.995,0.90405,0.50178,0.53894,0.75836,0.0017822,0.0017822,0.0017822
24,452.148,0.60741,0.65073,0.87687,0.99558,1,0.995,0.8636,0.53444,0.51776,0.77701,0.0017723,0.0017723,0.0017723
25,471.246,0.62838,0.64608,0.87642,0.99517,1,0.995,0.87766,0.5284,0.53294,0.76953,0.0017624,0.0017624,0.0017624
26,489.743,0.59955,0.60372,0.85916,0.9935,1,0.995,0.88075,0.51139,0.47947,0.76903,0.0017525,0.0017525,0.0017525
27,508.149,0.59962,0.58708,0.88028,0.99572,1,0.995,0.87309,0.57002,0.47709,0.79094,0.0017426,0.0017426,0.0017426
28,526.31,0.57898,0.59309,0.87421,0.99559,1,0.995,0.90363,0.48632,0.47804,0.76891,0.0017327,0.0017327,0.0017327
29,544.96,0.62528,0.58841,0.88585,0.99569,1,0.995,0.90188,0.53118,0.46267,0.78606,0.0017228,0.0017228,0.0017228
30,563.681,0.61533,0.57436,0.89142,0.99572,1,0.995,0.87468,0.52495,0.43959,0.7825,0.0017129,0.0017129,0.0017129
31,581.662,0.63241,0.55981,0.88312,0.99592,1,0.995,0.91233,0.44229,0.4161,0.75386,0.001703,0.001703,0.001703
32,600.666,0.59121,0.5428,0.88158,0.9956,1,0.995,0.86886,0.56272,0.43572,0.78013,0.0016931,0.0016931,0.0016931
33,619.869,0.60164,0.5326,0.87842,0.99589,1,0.995,0.85948,0.51657,0.43368,0.76774,0.0016832,0.0016832,0.0016832
34,639.01,0.58851,0.52703,0.89082,0.9957,1,0.995,0.89435,0.47569,0.39339,0.75833,0.0016733,0.0016733,0.0016733
35,658.979,0.56213,0.50081,0.86469,0.99564,1,0.995,0.89335,0.49523,0.37555,0.75671,0.0016634,0.0016634,0.0016634
36,676.876,0.58026,0.48815,0.8772,0.99561,1,0.995,0.87573,0.46209,0.37558,0.76518,0.0016535,0.0016535,0.0016535
37,696.015,0.58182,0.5066,0.88581,0.99549,1,0.995,0.87345,0.47468,0.40906,0.7686,0.0016436,0.0016436,0.0016436
38,714.693,0.5558,0.48586,0.87078,0.99563,1,0.995,0.9022,0.50036,0.41857,0.76355,0.0016337,0.0016337,0.0016337
39,733.899,0.56899,0.48487,0.88054,0.99563,1,0.995,0.90973,0.4592,0.38832,0.7559,0.0016238,0.0016238,0.0016238
40,752.137,0.58028,0.48935,0.86879,0.99537,1,0.995,0.89187,0.5549,0.4066,0.7727,0.0016139,0.0016139,0.0016139
41,769.541,0.57577,0.4793,0.8719,0.99559,1,0.995,0.86173,0.60351,0.38394,0.7923,0.001604,0.001604,0.001604
42,789.057,0.5878,0.49233,0.87671,0.99567,1,0.995,0.86614,0.53193,0.36072,0.76774,0.0015941,0.0015941,0.0015941
43,807.232,0.59524,0.46335,0.86913,0.99556,1,0.995,0.90354,0.53866,0.38864,0.78287,0.0015842,0.0015842,0.0015842
44,825.743,0.56594,0.46742,0.87951,0.99547,1,0.995,0.87646,0.52006,0.34324,0.77627,0.0015743,0.0015743,0.0015743
45,844.357,0.54897,0.44289,0.86615,0.9955,1,0.995,0.87096,0.48592,0.36421,0.76146,0.0015644,0.0015644,0.0015644
46,863.025,0.59958,0.46167,0.87566,0.99568,1,0.995,0.91415,0.5224,0.34142,0.77514,0.0015545,0.0015545,0.0015545
47,880.623,0.5289,0.4336,0.8551,0.99599,1,0.995,0.89738,0.51544,0.34468,0.76391,0.0015446,0.0015446,0.0015446
48,898.844,0.56128,0.44619,0.86122,0.99573,1,0.995,0.8768,0.50146,0.32607,0.76196,0.0015347,0.0015347,0.0015347
49,917.57,0.56377,0.43632,0.87235,0.99562,1,0.995,0.8664,0.52836,0.34696,0.76697,0.0015248,0.0015248,0.0015248
50,935.875,0.58748,0.42809,0.86015,0.99571,1,0.995,0.89644,0.45374,0.31574,0.75807,0.0015149,0.0015149,0.0015149
51,953.971,0.52683,0.42297,0.85181,0.99549,1,0.995,0.88053,0.52458,0.31655,0.76192,0.001505,0.001505,0.001505
52,973.408,0.5928,0.44167,0.8684,0.99561,1,0.995,0.87795,0.57575,0.32461,0.77675,0.0014951,0.0014951,0.0014951
53,992.694,0.55595,0.4163,0.8703,0.99584,1,0.995,0.92017,0.45461,0.3111,0.75674,0.0014852,0.0014852,0.0014852
54,1012.11,0.55742,0.41637,0.86093,0.99588,1,0.995,0.89197,0.49309,0.31377,0.75972,0.0014753,0.0014753,0.0014753
55,1030.95,0.5472,0.42237,0.86406,0.99604,1,0.995,0.90108,0.47505,0.29973,0.75685,0.0014654,0.0014654,0.0014654
56,1049.5,0.53639,0.41561,0.8599,0.99589,1,0.995,0.89706,0.49155,0.31462,0.75837,0.0014555,0.0014555,0.0014555
57,1068.22,0.53773,0.40094,0.85338,0.99567,1,0.995,0.89109,0.5069,0.30324,0.76751,0.0014456,0.0014456,0.0014456
58,1087.19,0.58133,0.42359,0.8818,0.99536,1,0.995,0.9225,0.47199,0.3152,0.75825,0.0014357,0.0014357,0.0014357
59,1106.11,0.53763,0.38713,0.85054,0.99558,1,0.995,0.91327,0.50465,0.31803,0.76745,0.0014258,0.0014258,0.0014258
60,1124.82,0.55225,0.40231,0.86045,0.99503,1,0.995,0.88198,0.52339,0.31945,0.77468,0.0014159,0.0014159,0.0014159
61,1144.14,0.54325,0.40233,0.84574,0.99431,1,0.995,0.90254,0.46551,0.3089,0.75706,0.001406,0.001406,0.001406
62,1162.53,0.52844,0.39182,0.86791,0.98773,1,0.995,0.89082,0.49361,0.3103,0.76977,0.0013961,0.0013961,0.0013961
63,1181.6,0.56043,0.39873,0.8754,0.99283,1,0.995,0.91641,0.48909,0.32479,0.77348,0.0013862,0.0013862,0.0013862
64,1199.89,0.51178,0.39266,0.84963,0.99514,1,0.995,0.89431,0.52831,0.31507,0.77456,0.0013763,0.0013763,0.0013763
65,1218.12,0.53621,0.39038,0.84915,0.99511,1,0.995,0.89732,0.53984,0.27155,0.76757,0.0013664,0.0013664,0.0013664
66,1236.46,0.51622,0.3805,0.8389,0.99522,1,0.995,0.89379,0.48735,0.29347,0.75963,0.0013565,0.0013565,0.0013565
67,1255.44,0.52863,0.3833,0.85958,0.99542,1,0.995,0.90403,0.46465,0.29885,0.75186,0.0013466,0.0013466,0.0013466
68,1274.13,0.50341,0.37979,0.85296,0.99554,1,0.995,0.88214,0.48298,0.31575,0.77085,0.0013367,0.0013367,0.0013367
69,1293.59,0.47954,0.36209,0.83666,0.99575,1,0.995,0.89496,0.49982,0.30341,0.77683,0.0013268,0.0013268,0.0013268
70,1312.37,0.53493,0.37973,0.85757,0.99567,1,0.995,0.89519,0.51159,0.28309,0.76397,0.0013169,0.0013169,0.0013169
71,1330.71,0.51063,0.37353,0.83568,0.99569,1,0.995,0.898,0.47821,0.28457,0.75616,0.001307,0.001307,0.001307
72,1348.77,0.48151,0.36584,0.85377,0.99572,1,0.995,0.90425,0.48325,0.29132,0.76014,0.0012971,0.0012971,0.0012971
73,1366.96,0.48699,0.3521,0.85107,0.99567,1,0.995,0.89052,0.49398,0.26856,0.76242,0.0012872,0.0012872,0.0012872
74,1386.45,0.52228,0.37074,0.86609,0.99561,1,0.995,0.90098,0.46871,0.27504,0.75766,0.0012773,0.0012773,0.0012773
75,1404.89,0.49029,0.35067,0.84916,0.9958,1,0.995,0.90113,0.42831,0.26065,0.75026,0.0012674,0.0012674,0.0012674
76,1423.13,0.49249,0.35867,0.84936,0.99582,1,0.995,0.90353,0.50088,0.26428,0.76229,0.0012575,0.0012575,0.0012575
77,1442.32,0.50064,0.36937,0.84858,0.99575,1,0.995,0.90247,0.47585,0.24912,0.75524,0.0012476,0.0012476,0.0012476
78,1460.39,0.4982,0.34915,0.84514,0.99575,1,0.995,0.89052,0.45724,0.27414,0.75582,0.0012377,0.0012377,0.0012377
79,1479.48,0.47199,0.34172,0.83397,0.99574,1,0.995,0.90228,0.49512,0.2783,0.76308,0.0012278,0.0012278,0.0012278
80,1497.61,0.50622,0.35558,0.86297,0.99577,1,0.995,0.90708,0.5141,0.28752,0.76697,0.0012179,0.0012179,0.0012179
81,1516.2,0.5237,0.36393,0.85964,0.99572,1,0.995,0.88026,0.46766,0.27519,0.75997,0.001208,0.001208,0.001208
82,1535.07,0.50228,0.35827,0.84579,0.99574,1,0.995,0.90452,0.49745,0.26358,0.76566,0.0011981,0.0011981,0.0011981
83,1553.65,0.4774,0.33017,0.83049,0.99582,1,0.995,0.91768,0.47067,0.25783,0.75746,0.0011882,0.0011882,0.0011882
84,1572.98,0.48746,0.3338,0.85724,0.99568,1,0.995,0.92288,0.454,0.26933,0.75774,0.0011783,0.0011783,0.0011783
85,1592.42,0.48954,0.33736,0.84564,0.99564,1,0.995,0.92078,0.45783,0.25684,0.75465,0.0011684,0.0011684,0.0011684
86,1611.78,0.51733,0.34969,0.85314,0.99577,1,0.995,0.92919,0.46552,0.25851,0.7572,0.0011585,0.0011585,0.0011585
87,1630.86,0.48683,0.34062,0.85163,0.99572,1,0.995,0.92863,0.45977,0.25978,0.75935,0.0011486,0.0011486,0.0011486
88,1649.79,0.49038,0.34645,0.85883,0.99563,1,0.995,0.90559,0.50115,0.26911,0.7553,0.0011387,0.0011387,0.0011387
89,1669.34,0.48242,0.33949,0.83904,0.99566,1,0.995,0.91049,0.5228,0.27853,0.75667,0.0011288,0.0011288,0.0011288
90,1686.84,0.503,0.34349,0.848,0.99565,1,0.995,0.92984,0.48597,0.25932,0.75327,0.0011189,0.0011189,0.0011189
91,1705.51,0.50624,0.3311,0.83583,0.99572,1,0.995,0.93147,0.47464,0.25549,0.75409,0.001109,0.001109,0.001109
92,1724.46,0.52273,0.33655,0.83616,0.99575,1,0.995,0.89259,0.47929,0.26202,0.75462,0.0010991,0.0010991,0.0010991
93,1743.14,0.47796,0.33384,0.86567,0.9956,1,0.995,0.93283,0.46867,0.25493,0.75808,0.0010892,0.0010892,0.0010892
94,1763,0.47883,0.33723,0.85558,0.99556,1,0.995,0.92794,0.45291,0.25347,0.75963,0.0010793,0.0010793,0.0010793
95,1781.65,0.49285,0.34199,0.84353,0.99572,1,0.995,0.90019,0.48849,0.30161,0.7622,0.0010694,0.0010694,0.0010694
96,1800.45,0.48374,0.32794,0.84834,0.99574,1,0.995,0.89646,0.46029,0.25487,0.76006,0.0010595,0.0010595,0.0010595
97,1819.01,0.49746,0.34139,0.83947,0.99568,1,0.995,0.89562,0.50005,0.26683,0.76366,0.0010496,0.0010496,0.0010496
98,1837.9,0.47831,0.35063,0.84667,0.99565,1,0.995,0.90856,0.4904,0.25725,0.75759,0.0010397,0.0010397,0.0010397
99,1855.77,0.49965,0.34081,0.83927,0.99552,1,0.995,0.91296,0.48133,0.23689,0.7537,0.0010298,0.0010298,0.0010298
100,1874.48,0.4866,0.35181,0.84362,0.99499,1,0.995,0.91245,0.48406,0.25686,0.75972,0.0010199,0.0010199,0.0010199
101,1893.85,0.47281,0.3264,0.85953,0.99301,1,0.995,0.92671,0.48144,0.24758,0.76128,0.00101,0.00101,0.00101
102,1913.45,0.46188,0.32159,0.84821,0.9927,1,0.995,0.88702,0.52096,0.27048,0.7712,0.0010001,0.0010001,0.0010001
103,1933.23,0.47797,0.32814,0.83433,0.99462,1,0.995,0.90197,0.47466,0.25036,0.76002,0.0009902,0.0009902,0.0009902
104,1952.51,0.47045,0.31615,0.83838,0.99556,1,0.995,0.92671,0.42999,0.23749,0.75037,0.0009803,0.0009803,0.0009803
105,1970.3,0.45118,0.31141,0.84758,0.99573,1,0.995,0.90564,0.46225,0.2238,0.76228,0.0009704,0.0009704,0.0009704
106,1988.8,0.43601,0.30982,0.84439,0.99572,1,0.995,0.91019,0.44827,0.23386,0.75587,0.0009605,0.0009605,0.0009605
107,2008.77,0.4604,0.32621,0.84681,0.99561,1,0.995,0.89929,0.46788,0.24106,0.75519,0.0009506,0.0009506,0.0009506
108,2027.46,0.48129,0.31598,0.83962,0.99561,1,0.995,0.89205,0.4763,0.24599,0.75298,0.0009407,0.0009407,0.0009407
109,2047.23,0.46406,0.32306,0.85218,0.99568,1,0.995,0.92453,0.48361,0.23381,0.76083,0.0009308,0.0009308,0.0009308
110,2066.4,0.50085,0.33582,0.83476,0.99561,1,0.995,0.90093,0.42683,0.23279,0.75208,0.0009209,0.0009209,0.0009209
111,2085.6,0.47453,0.32667,0.8476,0.99569,1,0.995,0.93821,0.46875,0.23815,0.76175,0.000911,0.000911,0.000911
112,2104.06,0.47656,0.32466,0.8466,0.99565,1,0.995,0.94098,0.47747,0.24616,0.76572,0.0009011,0.0009011,0.0009011
113,2122.74,0.45492,0.31249,0.82358,0.99571,1,0.995,0.91427,0.44501,0.24666,0.74935,0.0008912,0.0008912,0.0008912
114,2141.73,0.4537,0.31491,0.82834,0.99575,1,0.995,0.93041,0.44671,0.23124,0.74667,0.0008813,0.0008813,0.0008813
115,2160.35,0.46645,0.30797,0.85477,0.99577,1,0.995,0.92784,0.45168,0.23694,0.74558,0.0008714,0.0008714,0.0008714
116,2178.21,0.4689,0.29673,0.84875,0.99578,1,0.995,0.91507,0.46178,0.23339,0.75154,0.0008615,0.0008615,0.0008615
117,2196.62,0.45317,0.29761,0.83273,0.99573,1,0.995,0.90677,0.48018,0.23676,0.76205,0.0008516,0.0008516,0.0008516
118,2215.46,0.46093,0.31657,0.85257,0.99536,1,0.995,0.91031,0.47585,0.28405,0.75465,0.0008417,0.0008417,0.0008417
119,2233.61,0.47231,0.30605,0.83265,0.9942,1,0.995,0.92456,0.42873,0.273,0.74382,0.0008318,0.0008318,0.0008318
120,2252.04,0.44808,0.30009,0.83058,0.99557,1,0.995,0.93379,0.46916,0.258,0.7484,0.0008219,0.0008219,0.0008219
121,2271.58,0.46387,0.31172,0.84847,0.9958,1,0.995,0.9212,0.47233,0.23619,0.75273,0.000812,0.000812,0.000812
122,2289.93,0.42268,0.29364,0.83525,0.99577,1,0.995,0.92918,0.43924,0.23395,0.75084,0.0008021,0.0008021,0.0008021
123,2308.33,0.43373,0.30508,0.83862,0.99572,1,0.995,0.92747,0.46839,0.24709,0.75762,0.0007922,0.0007922,0.0007922
124,2326.25,0.42586,0.29811,0.82243,0.99565,1,0.995,0.9289,0.45808,0.24899,0.75383,0.0007823,0.0007823,0.0007823
125,2344.68,0.44548,0.30756,0.8432,0.99573,1,0.995,0.90552,0.45374,0.25875,0.74654,0.0007724,0.0007724,0.0007724
126,2363.13,0.44391,0.29961,0.84002,0.99568,1,0.995,0.90567,0.45075,0.22787,0.75399,0.0007625,0.0007625,0.0007625
127,2381.8,0.44042,0.29222,0.81969,0.9957,1,0.995,0.90753,0.4886,0.24938,0.75483,0.0007526,0.0007526,0.0007526
128,2400.35,0.42891,0.29039,0.85118,0.99566,1,0.995,0.91487,0.45142,0.23941,0.74916,0.0007427,0.0007427,0.0007427
129,2419.77,0.47997,0.30419,0.83468,0.99579,1,0.995,0.93901,0.38807,0.22131,0.74102,0.0007328,0.0007328,0.0007328
130,2438.32,0.423,0.29267,0.83467,0.99584,1,0.995,0.95451,0.42482,0.23555,0.74875,0.0007229,0.0007229,0.0007229
131,2456.82,0.46588,0.29853,0.83472,0.99569,1,0.995,0.91319,0.47982,0.23116,0.76151,0.000713,0.000713,0.000713
132,2475.63,0.41477,0.29026,0.83176,0.99563,1,0.995,0.90841,0.45976,0.24173,0.75931,0.0007031,0.0007031,0.0007031
133,2495.07,0.43354,0.29287,0.82059,0.99576,1,0.995,0.93845,0.44237,0.22939,0.75586,0.0006932,0.0006932,0.0006932
134,2513.62,0.45397,0.29695,0.83502,1,1,0.995,0.91115,0.48646,0.25711,0.75698,0.0006833,0.0006833,0.0006833
135,2531.22,0.42316,0.27827,0.8323,1,1,0.995,0.93553,0.44501,0.22775,0.75057,0.0006734,0.0006734,0.0006734
136,2550.25,0.42535,0.29539,0.82883,0.99575,1,0.995,0.91484,0.43629,0.23627,0.75328,0.0006635,0.0006635,0.0006635
137,2568.89,0.43309,0.29169,0.83418,0.99575,1,0.995,0.91015,0.43582,0.23087,0.75622,0.0006536,0.0006536,0.0006536
138,2588.23,0.41903,0.2846,0.82782,0.9958,1,0.995,0.90811,0.46579,0.22567,0.76138,0.0006437,0.0006437,0.0006437
139,2607.22,0.42561,0.2893,0.83605,0.99578,1,0.995,0.91251,0.44236,0.21943,0.75567,0.0006338,0.0006338,0.0006338
140,2625.87,0.41659,0.27552,0.83374,0.99573,1,0.995,0.91449,0.43842,0.24994,0.75269,0.0006239,0.0006239,0.0006239
141,2644.82,0.43711,0.28954,0.83453,0.99575,1,0.995,0.92423,0.43234,0.26126,0.74875,0.000614,0.000614,0.000614
142,2664.02,0.41326,0.27949,0.83973,1,1,0.995,0.93035,0.44322,0.23597,0.75072,0.0006041,0.0006041,0.0006041
143,2682.68,0.42064,0.28857,0.8386,1,1,0.995,0.92622,0.43467,0.22432,0.74843,0.0005942,0.0005942,0.0005942
144,2701.65,0.41237,0.27191,0.84406,1,1,0.995,0.92635,0.44729,0.23974,0.75085,0.0005843,0.0005843,0.0005843
145,2720.53,0.42875,0.28842,0.83243,1,1,0.995,0.91606,0.46404,0.24794,0.75672,0.0005744,0.0005744,0.0005744
146,2739.19,0.40742,0.27899,0.81728,1,1,0.995,0.93093,0.44503,0.24681,0.75219,0.0005645,0.0005645,0.0005645
147,2757.63,0.4483,0.29102,0.82809,0.99583,1,0.995,0.92749,0.43219,0.23424,0.7512,0.0005546,0.0005546,0.0005546
148,2776.31,0.42697,0.279,0.82487,0.99579,1,0.995,0.93039,0.44787,0.22051,0.75755,0.0005447,0.0005447,0.0005447
149,2795.49,0.41388,0.27002,0.8148,0.99582,1,0.995,0.92632,0.4488,0.219,0.75577,0.0005348,0.0005348,0.0005348
150,2814.49,0.3888,0.25954,0.82952,0.99581,1,0.995,0.90899,0.44469,0.23422,0.75355,0.0005249,0.0005249,0.0005249
151,2833.15,0.42037,0.2765,0.83201,0.99581,1,0.995,0.92159,0.46233,0.25457,0.7612,0.000515,0.000515,0.000515
152,2851.8,0.45067,0.29846,0.84408,0.99575,1,0.995,0.92318,0.44243,0.24646,0.75865,0.0005051,0.0005051,0.0005051
153,2869.98,0.40142,0.26841,0.81278,0.99577,1,0.995,0.91204,0.40749,0.23207,0.745,0.0004952,0.0004952,0.0004952
154,2888.5,0.3987,0.27705,0.8326,0.99576,1,0.995,0.93146,0.41105,0.21377,0.74455,0.0004853,0.0004853,0.0004853
155,2907.44,0.40489,0.27136,0.81035,0.99581,1,0.995,0.90753,0.4757,0.23649,0.76541,0.0004754,0.0004754,0.0004754
156,2926.17,0.41322,0.26592,0.82344,0.99582,1,0.995,0.91512,0.51216,0.24294,0.77609,0.0004655,0.0004655,0.0004655
157,2944.51,0.39708,0.26643,0.83089,0.99585,1,0.995,0.91229,0.47231,0.23139,0.76056,0.0004556,0.0004556,0.0004556
158,2963.93,0.41717,0.26953,0.83113,0.99582,1,0.995,0.91809,0.46485,0.23724,0.75188,0.0004457,0.0004457,0.0004457
159,2982.08,0.39489,0.26826,0.82654,0.99574,1,0.995,0.91731,0.48817,0.23632,0.76123,0.0004358,0.0004358,0.0004358
160,3000.49,0.40937,0.26067,0.83245,0.99581,1,0.995,0.91812,0.4893,0.23712,0.7662,0.0004259,0.0004259,0.0004259
161,3019.64,0.40061,0.26267,0.82934,0.99581,1,0.995,0.92731,0.46453,0.23125,0.76497,0.000416,0.000416,0.000416
162,3038.07,0.38184,0.25192,0.81768,0.99574,1,0.995,0.94099,0.44112,0.23361,0.76049,0.0004061,0.0004061,0.0004061
163,3056.49,0.40987,0.26227,0.83234,0.99578,1,0.995,0.92395,0.47174,0.24399,0.76706,0.0003962,0.0003962,0.0003962
164,3074.63,0.382,0.26071,0.82817,0.99579,1,0.995,0.92908,0.48392,0.25086,0.7712,0.0003863,0.0003863,0.0003863
165,3093.15,0.39935,0.26425,0.81413,0.99579,1,0.995,0.92152,0.47821,0.25088,0.76955,0.0003764,0.0003764,0.0003764
166,3111.01,0.39901,0.26891,0.83831,0.99574,1,0.995,0.92572,0.46719,0.23401,0.76264,0.0003665,0.0003665,0.0003665
167,3129.49,0.42101,0.27045,0.83617,0.99572,1,0.995,0.9207,0.48069,0.23681,0.76213,0.0003566,0.0003566,0.0003566
168,3147.9,0.38185,0.26049,0.82307,0.99572,1,0.995,0.91902,0.5037,0.24819,0.76597,0.0003467,0.0003467,0.0003467
169,3167.38,0.3841,0.26309,0.82417,0.99574,1,0.995,0.90783,0.4963,0.2483,0.76843,0.0003368,0.0003368,0.0003368
170,3185.91,0.39282,0.26285,0.8273,0.99572,1,0.995,0.91294,0.49232,0.2164,0.77294,0.0003269,0.0003269,0.0003269
171,3203.48,0.39283,0.25458,0.82793,0.99582,1,0.995,0.92204,0.48105,0.21314,0.77235,0.000317,0.000317,0.000317
172,3222.19,0.37801,0.24918,0.80222,0.99579,1,0.995,0.92356,0.49093,0.22125,0.77338,0.0003071,0.0003071,0.0003071
173,3240.38,0.40899,0.26744,0.83434,0.99579,1,0.995,0.91368,0.49398,0.2171,0.7745,0.0002972,0.0002972,0.0002972
174,3259.24,0.3656,0.246,0.81682,0.99577,1,0.995,0.9227,0.47428,0.21156,0.76978,0.0002873,0.0002873,0.0002873
175,3277.44,0.38136,0.24545,0.81739,0.99575,1,0.995,0.92115,0.47922,0.21711,0.76884,0.0002774,0.0002774,0.0002774
176,3296.45,0.38517,0.24739,0.82458,0.99577,1,0.995,0.91907,0.48818,0.22517,0.76873,0.0002675,0.0002675,0.0002675
177,3315.19,0.37559,0.2562,0.81408,0.99582,1,0.995,0.9134,0.48675,0.2344,0.76439,0.0002576,0.0002576,0.0002576
178,3333.43,0.37403,0.24813,0.83348,0.99586,1,0.995,0.9262,0.46903,0.21931,0.75849,0.0002477,0.0002477,0.0002477
179,3352.23,0.37611,0.24872,0.81676,0.99585,1,0.995,0.91908,0.46066,0.21841,0.7575,0.0002378,0.0002378,0.0002378
180,3370.71,0.37355,0.25001,0.84169,0.99585,1,0.995,0.91827,0.45471,0.21965,0.75682,0.0002279,0.0002279,0.0002279
181,3388.98,0.377,0.25294,0.8342,0.99589,1,0.995,0.91827,0.45832,0.21933,0.75553,0.000218,0.000218,0.000218
182,3408.47,0.38825,0.25336,0.83253,0.99586,1,0.995,0.91036,0.47653,0.23759,0.75625,0.0002081,0.0002081,0.0002081
183,3427.05,0.35467,0.24099,0.80898,0.9958,1,0.995,0.90822,0.49067,0.24178,0.76227,0.0001982,0.0001982,0.0001982
184,3446.11,0.37967,0.25058,0.82223,0.99581,1,0.995,0.90765,0.48606,0.23901,0.76337,0.0001883,0.0001883,0.0001883
185,3464.89,0.36811,0.24543,0.80878,0.99587,1,0.995,0.91036,0.47112,0.2369,0.75554,0.0001784,0.0001784,0.0001784
186,3483.6,0.38302,0.24342,0.82716,0.99584,1,0.995,0.916,0.4477,0.22876,0.75116,0.0001685,0.0001685,0.0001685
187,3502.08,0.36918,0.24496,0.81387,0.99583,1,0.995,0.92187,0.44549,0.22537,0.7515,0.0001586,0.0001586,0.0001586
188,3520.49,0.3734,0.24354,0.82246,0.99579,1,0.995,0.90883,0.45305,0.22165,0.7563,0.0001487,0.0001487,0.0001487
189,3539.27,0.36967,0.24893,0.82838,0.99581,1,0.995,0.92089,0.46225,0.21725,0.76051,0.0001388,0.0001388,0.0001388
190,3557.7,0.37815,0.24766,0.82204,0.99585,1,0.995,0.91914,0.46534,0.21915,0.76424,0.0001289,0.0001289,0.0001289
191,3576.05,0.35997,0.22575,0.8023,0.9958,1,0.995,0.92572,0.44947,0.21292,0.76051,0.000119,0.000119,0.000119
192,3594.88,0.35017,0.22527,0.79499,0.99577,1,0.995,0.92177,0.44784,0.20745,0.76072,0.0001091,0.0001091,0.0001091
193,3613.27,0.31838,0.20758,0.79154,0.99584,1,0.995,0.91251,0.45181,0.20891,0.76044,9.92e-05,9.92e-05,9.92e-05
194,3632.12,0.33194,0.21889,0.81378,0.99584,1,0.995,0.91483,0.46175,0.21021,0.76267,8.93e-05,8.93e-05,8.93e-05
195,3650.32,0.32094,0.21399,0.80794,0.99581,1,0.995,0.92131,0.46911,0.2119,0.76513,7.94e-05,7.94e-05,7.94e-05
196,3668.61,0.32662,0.21537,0.80886,0.99587,1,0.995,0.92436,0.47613,0.21412,0.7642,6.95e-05,6.95e-05,6.95e-05
197,3686.77,0.3369,0.21661,0.80311,0.9958,1,0.995,0.92801,0.47026,0.20921,0.76094,5.96e-05,5.96e-05,5.96e-05
198,3704.58,0.33651,0.21971,0.79069,0.99586,1,0.995,0.9196,0.45361,0.20631,0.75549,4.97e-05,4.97e-05,4.97e-05
199,3723.73,0.3522,0.21825,0.80657,0.99579,1,0.995,0.93063,0.44821,0.20226,0.75535,3.98e-05,3.98e-05,3.98e-05
200,3742.63,0.3235,0.20649,0.79463,0.99583,1,0.995,0.93098,0.44902,0.20708,0.7543,2.99e-05,2.99e-05,2.99e-05
